<?xml version="1.0" encoding="UTF-8"?>
<creaturescripts>
	<event type="login" name="PlayerLogin" event="script" value="login.lua"/>

	<event type="channelrequest" name="Ban_Type" event="script" value="ban/type.lua"/>
	<event type="channelrequest" name="Ban_Action" event="script" value="ban/action.lua"/>
	<event type="textedit" name="Ban_Finish" event="script" value="ban/finish.lua"/>

	<event type="channeljoin" name="GuildEvents" event="script" value="guild.lua"/>
	<event type="mailreceive" name="Mail" event="script" value="mail.lua"/>
        <event type="death" name="TaskMulti" event="script" value="TaskMulti.lua"/>
        <event type="death" name="TaskCoelho" event="script" value="TaskCoelho.lua"/>
        <event type="death" name="TaskMedusa" event="script" value="TaskMedusa.lua"/>
        <event type="death" name="TaskGigantedeGelo" event="script" value="TaskGigantedeGelo.lua"/>
        <event type="death" name="TaskTartarugaMutante" event="script" value="TaskTartarugaMutante.lua"/>
        <event type="death" name="TaskDragon" event="script" value="TaskDragon.lua"/>
        <event type="death" name="TaskDragonLord" event="script" value="TaskDragonLord.lua"/>
        <event type="death" name="TaskThunderDragon" event="script" value="TaskThunderDragon.lua"/>
        <event type="death" name="TaskDemodras" event="script" value="TaskDemodras.lua"/>
        <event type="death" name="TaskDragonGuardian" event="script" value="TaskDragonGuardian.lua"/>
        <event type="death" name="TaskInsetos" event="script" value="TaskInsetos.lua"/>
        <event type="death" name="TaskHydra" event="script" value="TaskHydra.lua"/>
	<event type="reportbug" name="SaveReportBug" script="reportbug.lua"/>
	<event type="advance" name="AdvanceSave" event="script" value="advancesave.lua"/>
	<event type="textedit" name="BanBook" event="script" value="banbook.lua"/>
        <event type="kill" name="TopFrags" event="script" value="topfrags.lua"/>
        <event type="login" name="fraglook_register" event="script" value="fraglook.lua"/>
        <event type="look" name="fraglook" event="script" value="fraglook.lua"/>
        <event type="death" name="ProtectLevel" event="script" value="levelprotection.lua"/>
        <event type="death" name="Buero" event="script" value="buero.lua"/>
        <event type="death" name="Tp" event="script" value="tp.lua"/>
        <event type="advance" name="aol" event="script" value="aol.lua"/>
        <event type="login" name="antibot" event="script" value="antibot.lua"/>

	<!-- Zombie Event -->
	<event type="statschange" name="zombieevent" event="script" value="zombievent.lua"/>

	<event type="think" name="Idle" event="script" value="idle.lua"/>
	<event type="think" name="SkullCheck" event="script" value="skullcheck.lua"/>
	<event type="login" name="FirstItems" event="script" value="firstitems.lua"/>
</creaturescripts>
